"P-value","ID","Chr","Pos (hg19)","ID","Symbol","Chr","Pos (hg19)","Z-score","Assessed","Other","Nr Cohorts","Nr Samples","FDR"
"3.2717e-310","rs68153532","10","121613551","ENSG00000197771","MCMBP","10","121620520","-52.6867","T","C","26","22245","0"
"3.2717e-310","rs36041309","10","121597142","ENSG00000197771","MCMBP","10","121620520","-49.1847","A","C","35","26493","0"
"3.2717e-310","rs12780432","10","121608032","ENSG00000197771","MCMBP","10","121620520","-49.21","T","C","35","26493","0"
"3.2717e-310","rs1048120","10","121588537","ENSG00000197771","MCMBP","10","121620520","-49.2003","G","A","36","26609","0"
"3.2717e-310","rs2273747","10","121591511","ENSG00000197771","MCMBP","10","121620520","-49.2371","A","G","36","26609","0"
"3.2717e-310","rs17099353","10","121614673","ENSG00000197771","MCMBP","10","121620520","-49.1155","A","C","35","26492","0"
"3.2717e-310","rs56055506","10","121586827","ENSG00000197771","MCMBP","10","121620520","-48.8666","G","A","36","26609","0"
"3.2717e-310","rs61869121","10","121624972","ENSG00000197771","MCMBP","10","121620520","-49.1026","C","T","35","26491","0"
"3.2717e-310","rs17099321","10","121579746","ENSG00000197771","MCMBP","10","121620520","-49.0859","A","G","36","26609","0"
"3.2717e-310","rs12785053","10","121583965","ENSG00000197771","MCMBP","10","121620520","-49.3493","G","A","35","26494","0"